filename,sum,avg
sales_march_2014.csv,9375.0,1562.5
sales_march_2014.csv,8992.0,1498.6666666666667
sales_march_2014.csv,10139.0,1689.8333333333333
"
"
filename,sum,avg
sales_march_2014.csv,28506.0,1583.6666666666667
